"SpcRecID","Scientific name","English name","Family","Global IUCN Red List Category"
"16","Nothocercus bonapartei","Highland Tinamou","Tinamidae (Tinamous)","LC"
"14","Tinamus major","Great Tinamou","Tinamidae (Tinamous)","LC"
"21","Crypturellus soui","Little Tinamou","Tinamidae (Tinamous)","LC"
"29","Crypturellus kerriae","Choco Tinamou","Tinamidae (Tinamous)","VU"
"92","Chamaepetes unicolor","Black Guan","Cracidae (Guans, Chachalacas, Curassows)","LC"
"79","Penelope purpurascens","Crested Guan","Cracidae (Guans, Chachalacas, Curassows)","NT"
"61","Ortalis cinereiceps","Grey-headed Chachalaca","Cracidae (Guans, Chachalacas, Curassows)","LC"
"103","Crax rubra","Great Curassow","Cracidae (Guans, Chachalacas, Curassows)","VU"
"1016868","Colinus cristatus","Crested Bobwhite","Odontophoridae (New World quails)","LC"
"324","Odontophorus gujanensis","Marbled Wood-quail","Odontophoridae (New World quails)","LC"
"326","Odontophorus melanotis","Black-eared Wood-quail","Odontophoridae (New World quails)","NT"
"327","Odontophorus erythrops","Rufous-fronted Wood-quail","Odontophoridae (New World quails)","LC"
"332","Odontophorus dialeucos","Tacarcuna Wood-quail","Odontophoridae (New World quails)","LC"
"335","Odontophorus leucolaemus","Black-breasted Wood-quail","Odontophoridae (New World quails)","LC"
"338","Odontophorus guttatus","Spotted Wood-quail","Odontophoridae (New World quails)","LC"
"342","Rhynchortyx cinctus","Tawny-faced Quail","Odontophoridae (New World quails)","NT"
"354","Dendrocygna autumnalis","Black-bellied Whistling-duck","Anatidae (Ducks, Geese, Swans)","LC"
"349","Dendrocygna bicolor","Fulvous Whistling-duck","Anatidae (Ducks, Geese, Swans)","LC"
"356","Nomonyx dominicus","Masked Duck","Anatidae (Ducks, Geese, Swans)","LC"
"409","Cairina moschata","Muscovy Duck","Anatidae (Ducks, Geese, Swans)","LC"
"9857","Sarkidiornis sylvicola","American Comb Duck","Anatidae (Ducks, Geese, Swans)","LC"
"475","Aythya collaris","Ring-necked Duck","Anatidae (Ducks, Geese, Swans)","LC"
"483","Aythya affinis","Lesser Scaup","Anatidae (Ducks, Geese, Swans)","LC"
"448","Spatula clypeata","Northern Shoveler","Anatidae (Ducks, Geese, Swans)","LC"
"444","Spatula cyanoptera","Cinnamon Teal","Anatidae (Ducks, Geese, Swans)","LC"
"443","Spatula discors","Blue-winged Teal","Anatidae (Ducks, Geese, Swans)","LC"
"430","Mareca americana","American Wigeon","Anatidae (Ducks, Geese, Swans)","LC"
"457","Anas acuta","Northern Pintail","Anatidae (Ducks, Geese, Swans)","LC"
"3632","Tachybaptus dominicus","Least Grebe","Podicipedidae (Grebes)","LC"
"3633","Podilymbus podiceps","Pied-billed Grebe","Podicipedidae (Grebes)","LC"
"3648","Phaethon aethereus","Red-billed Tropicbird","Phaethontidae (Tropicbirds)","LC"
"2758","Eurypyga helias","Sunbittern","Eurypygidae (Sunbittern)","LC"
"2475","Patagioenas leucocephala","White-crowned Pigeon","Columbidae (Pigeons, Doves)","NT"
"2476","Patagioenas speciosa","Scaled Pigeon","Columbidae (Pigeons, Doves)","LC"
"1016546","Patagioenas albilinea","Southern Band-tailed Pigeon","Columbidae (Pigeons, Doves)","LC"
"2484","Patagioenas cayennensis","Pale-vented Pigeon","Columbidae (Pigeons, Doves)","LC"
"2488","Patagioenas plumbea","Plumbeous Pigeon","Columbidae (Pigeons, Doves)","LC"
"2489","Patagioenas subvinacea","Ruddy Pigeon","Columbidae (Pigeons, Doves)","LC"
"2490","Patagioenas nigrirostris","Short-billed Pigeon","Columbidae (Pigeons, Doves)","LC"
"2491","Patagioenas goodsoni","Dusky Pigeon","Columbidae (Pigeons, Doves)","LC"
"2602","Geotrygon montana","Ruddy Quail-dove","Columbidae (Pigeons, Doves)","LC"
"2601","Geotrygon violacea","Violaceous Quail-dove","Columbidae (Pigeons, Doves)","LC"
"2593","Leptotrygon veraguensis","Olive-backed Quail-dove","Columbidae (Pigeons, Doves)","LC"
"2577","Leptotila verreauxi","White-tipped Dove","Columbidae (Pigeons, Doves)","LC"
"2585","Leptotila cassinii","Grey-chested Dove","Columbidae (Pigeons, Doves)","LC"
"2579","Leptotila plumbeiceps","Grey-headed Dove","Columbidae (Pigeons, Doves)","LC"
"2580","Leptotila battyi","Brown-backed Dove","Columbidae (Pigeons, Doves)","VU"
"2589","Zentrygon costaricensis","Buff-fronted Quail-dove","Columbidae (Pigeons, Doves)","LC"
"30132","Zentrygon lawrencii","Purplish-backed Quail-dove","Columbidae (Pigeons, Doves)","LC"
"2595","Zentrygon chiriquensis","Chiriqui Quail-dove","Columbidae (Pigeons, Doves)","LC"
"2596","Zentrygon goldmani","Russet-crowned Quail-dove","Columbidae (Pigeons, Doves)","NT"
"32202","Zenaida asiatica","White-winged Dove","Columbidae (Pigeons, Doves)","LC"
"2554","Zenaida macroura","Mourning Dove","Columbidae (Pigeons, Doves)","LC"
"2562","Columbina passerina","Common Ground-dove","Columbidae (Pigeons, Doves)","LC"
"2563","Columbina minuta","Plain-breasted Ground-dove","Columbidae (Pigeons, Doves)","LC"
"2564","Columbina talpacoti","Ruddy Ground-dove","Columbidae (Pigeons, Doves)","LC"
"2569","Claravis pretiosa","Blue Ground-dove","Columbidae (Pigeons, Doves)","LC"
"2570","Paraclaravis mondetoura","Maroon-chested Ground-dove","Columbidae (Pigeons, Doves)","LC"
"2347","Steatornis caripensis","Oilbird","Steatornithidae (Oilbird)","LC"
"2348","Nyctibius grandis","Great Potoo","Nyctibiidae (Potoos)","LC"
"2351","Nyctibius griseus","Common Potoo","Nyctibiidae (Potoos)","LC"
"2367","Chordeiles minor","Common Nighthawk","Caprimulgidae (Nightjars)","LC"
"2366","Chordeiles acutipennis","Lesser Nighthawk","Caprimulgidae (Nightjars)","LC"
"2362","Lurocalis semitorquatus","Short-tailed Nighthawk","Caprimulgidae (Nightjars)","LC"
"2371","Nyctidromus albicollis","Pauraque","Caprimulgidae (Nightjars)","LC"
"2389","Hydropsalis cayennensis","White-tailed Nightjar","Caprimulgidae (Nightjars)","LC"
"32692","Antrostomus vociferus","Eastern Whip-poor-will","Caprimulgidae (Nightjars)","NT"
"2387","Antrostomus saturatus","Dusky Nightjar","Caprimulgidae (Nightjars)","LC"
"2378","Antrostomus carolinensis","Chuck-will's-widow","Caprimulgidae (Nightjars)","NT"
"2379","Antrostomus rufus","Rufous Nightjar","Caprimulgidae (Nightjars)","LC"
"1701","Cypseloides cryptus","White-chinned Swift","Apodidae (Swifts)","LC"
"1695","Cypseloides niger","Black Swift","Apodidae (Swifts)","VU"
"1693","Streptoprocne rutila","Chestnut-collared Swift","Apodidae (Swifts)","LC"
"1703","Streptoprocne zonaris","White-collared Swift","Apodidae (Swifts)","LC"
"31097","Chaetura fumosa","Costa Rican Swift","Apodidae (Swifts)","LC"
"1754","Chaetura spinicaudus","Band-rumped Swift","Apodidae (Swifts)","LC"
"1756","Chaetura cinereiventris","Grey-rumped Swift","Apodidae (Swifts)","LC"
"1101845","Chaetura vauxi","Vaux's Swift","Apodidae (Swifts)","LC"
"1758","Chaetura pelagica","Chimney Swift","Apodidae (Swifts)","VU"
"1760","Chaetura chapmani","Chapman's Swift","Apodidae (Swifts)","LC"
"1761","Chaetura brachyura","Short-tailed Swift","Apodidae (Swifts)","LC"
"1770","Panyptila cayennensis","Lesser Swallow-tailed Swift","Apodidae (Swifts)","LC"
"1844","Florisuga mellivora","White-necked Jacobin","Trochilidae (Hummingbirds)","LC"
"1824","Eutoxeres aquila","White-tipped Sicklebill","Trochilidae (Hummingbirds)","LC"
"1797","Glaucis aeneus","Bronzy Hermit","Trochilidae (Hummingbirds)","LC"
"1798","Glaucis hirsutus","Rufous-breasted Hermit","Trochilidae (Hummingbirds)","LC"
"1800","Threnetes ruckeri","Band-tailed Barbthroat","Trochilidae (Hummingbirds)","LC"
"1802","Phaethornis yaruqui","White-whiskered Hermit","Trochilidae (Hummingbirds)","LC"
"1803","Phaethornis guy","Green Hermit","Trochilidae (Hummingbirds)","LC"
"1016482","Phaethornis longirostris","Long-billed Hermit","Trochilidae (Hummingbirds)","LC"
"1809","Phaethornis anthophilus","Pale-bellied Hermit","Trochilidae (Hummingbirds)","LC"
"31102","Phaethornis striigularis","Stripe-throated Hermit","Trochilidae (Hummingbirds)","LC"
"1830","Doryfera ludovicae","Green-fronted Lancebill","Trochilidae (Hummingbirds)","LC"
"1846","Colibri delphinae","Brown Violet-ear","Trochilidae (Hummingbirds)","LC"
"1847","Colibri thalassinus","Green Violet-ear","Trochilidae (Hummingbirds)","LC"
"1826","Androdon aequatorialis","Tooth-billed Hummingbird","Trochilidae (Hummingbirds)","LC"
"2077","Heliothryx barroti","Purple-crowned Fairy","Trochilidae (Hummingbirds)","LC"
"1852","Anthracothorax nigricollis","Black-throated Mango","Trochilidae (Hummingbirds)","LC"
"1851","Anthracothorax prevostii","Green-breasted Mango","Trochilidae (Hummingbirds)","LC"
"30143","Anthracothorax veraguensis","Veraguas Mango","Trochilidae (Hummingbirds)","LC"
"1877","Discosura conversii","Green Thorntail","Trochilidae (Hummingbirds)","LC"
"1868","Lophornis delattrei","Rufous-crested Coquette","Trochilidae (Hummingbirds)","LC"
"1873","Lophornis adorabilis","White-crested Coquette","Trochilidae (Hummingbirds)","LC"
"32191","Haplophaedia aureliae","Greenish Puffleg","Trochilidae (Hummingbirds)","LC"
"1988","Heliodoxa jacula","Green-crowned Brilliant","Trochilidae (Hummingbirds)","LC"
"1143638","Eugenes spectabilis","Talamanca Hummingbird","Trochilidae (Hummingbirds)","LC"
"2082","Heliomaster longirostris","Long-billed Starthroat","Trochilidae (Hummingbirds)","LC"
"1902","Panterpe insignis","Fiery-throated Hummingbird","Trochilidae (Hummingbirds)","LC"
"1973","Lampornis hemileucus","White-bellied Mountain-gem","Trochilidae (Hummingbirds)","LC"
"30145","Lampornis calolaemus","Purple-throated Mountain-gem","Trochilidae (Hummingbirds)","LC"
"1016577","Lampornis castaneoventris","White-throated Mountain-gem","Trochilidae (Hummingbirds)","LC"
"2111","Chaetocercus heliodor","Gorgeted Woodstar","Trochilidae (Hummingbirds)","LC"
"2087","Philodice bryantae","Magenta-throated Woodstar","Trochilidae (Hummingbirds)","LC"
"2088","Philodice mitchellii","Purple-throated Woodstar","Trochilidae (Hummingbirds)","LC"
"2095","Archilochus colubris","Ruby-throated Hummingbird","Trochilidae (Hummingbirds)","LC"
"2118","Selasphorus flammula","Volcano Hummingbird","Trochilidae (Hummingbirds)","LC"
"2119","Selasphorus scintilla","Scintillant Hummingbird","Trochilidae (Hummingbirds)","LC"
"2120","Selasphorus ardens","Glow-throated Hummingbird","Trochilidae (Hummingbirds)","EN"
"1881","Chlorostilbon assimilis","Garden Emerald","Trochilidae (Hummingbirds)","LC"
"1861","Klais guimeti","Violet-headed Hummingbird","Trochilidae (Hummingbirds)","LC"
"1838","Campylopterus hemileucurus","Violet Sabrewing","Trochilidae (Hummingbirds)","LC"
"1143683","Chalybura urochrysia","Bronze-tailed Plumeleteer","Trochilidae (Hummingbirds)","LC"
"1143684","Chalybura buffonii","White-vented Plumeleteer","Trochilidae (Hummingbirds)","LC"
"1016602","Thalurania colombica","Crowned Woodnymph","Trochilidae (Hummingbirds)","LC"
"1965","Microchera albocoronata","Snowcap","Trochilidae (Hummingbirds)","LC"
"1963","Microchera chionura","White-tailed Emerald","Trochilidae (Hummingbirds)","LC"
"1916","Goldmania violiceps","Violet-capped Hummingbird","Trochilidae (Hummingbirds)","NT"
"1917","Goldmania bella","Pirre Hummingbird","Trochilidae (Hummingbirds)","NT"
"1960","Eupherusa eximia","Stripe-tailed Hummingbird","Trochilidae (Hummingbirds)","LC"
"1962","Eupherusa nigriventris","Black-bellied Hummingbird","Trochilidae (Hummingbirds)","LC"
"1831","Phaeochroa cuvierii","Scaly-breasted Sabrewing","Trochilidae (Hummingbirds)","LC"
"1951","Saucerottia edward","Snowy-bellied Hummingbird","Trochilidae (Hummingbirds)","LC"
"31106","Amazilia tzacatl","Rufous-tailed Hummingbird","Trochilidae (Hummingbirds)","LC"
"1904","Chrysuronia coeruleogularis","Sapphire-throated Hummingbird","Trochilidae (Hummingbirds)","LC"
"32146","Chrysuronia humboldtii","Humboldt's Hummingbird","Trochilidae (Hummingbirds)","LC"
"1938","Polyerata amabilis","Blue-chested Hummingbird","Trochilidae (Hummingbirds)","LC"
"1939","Polyerata decora","Charming Hummingbird","Trochilidae (Hummingbirds)","LC"
"1909","Chlorestes eliciae","Blue-throated Goldentail","Trochilidae (Hummingbirds)","LC"
"1903","Chlorestes julie","Violet-bellied Hummingbird","Trochilidae (Hummingbirds)","LC"
"1320","Crotophaga major","Greater Ani","Cuculidae (Cuckoos)","LC"
"1321","Crotophaga ani","Smooth-billed Ani","Cuculidae (Cuckoos)","LC"
"1322","Crotophaga sulcirostris","Groove-billed Ani","Cuculidae (Cuckoos)","LC"
"1324","Tapera naevia","Striped Cuckoo","Cuculidae (Cuckoos)","LC"
"1326","Dromococcyx phasianellus","Pheasant Cuckoo","Cuculidae (Cuckoos)","LC"
"1017064","Neomorphus geoffroyi","Rufous-vented Ground-cuckoo","Cuculidae (Cuckoos)","VU"
"1314","Coccycua minuta","Little Cuckoo","Cuculidae (Cuckoos)","LC"
"1016979","Piaya cayana","Common Squirrel-cuckoo","Cuculidae (Cuckoos)","LC"
"1304","Coccyzus americanus","Yellow-billed Cuckoo","Cuculidae (Cuckoos)","LC"
"1306","Coccyzus minor","Mangrove Cuckoo","Cuculidae (Cuckoos)","LC"
"1303","Coccyzus erythropthalmus","Black-billed Cuckoo","Cuculidae (Cuckoos)","LC"
"2802","Heliornis fulica","Sungrebe","Heliornithidae (Finfoots)","LC"
"2839","Laterallus albigularis","White-throated Crake","Rallidae (Rails, Gallinules, Coots)","LC"
"2840","Laterallus exilis","Grey-breasted Crake","Rallidae (Rails, Gallinules, Coots)","LC"
"2841","Laterallus jamaicensis","Black Rail","Rallidae (Rails, Gallinules, Coots)","EN"
"2914","Laterallus flaviventer","Yellow-breasted Crake","Rallidae (Rails, Gallinules, Coots)","LC"
"1017067","Rallus elegans","King Rail","Rallidae (Rails, Gallinules, Coots)","NT"
"1017066","Rallus crepitans","Clapper Rail","Rallidae (Rails, Gallinules, Coots)","LC"
"1099022","Aramides cajaneus","Grey-cowled Wood-rail","Rallidae (Rails, Gallinules, Coots)","LC"
"2883","Aramides axillaris","Rufous-necked Wood-rail","Rallidae (Rails, Gallinules, Coots)","LC"
"2889","Amaurolimnas concolor","Uniform Crake","Rallidae (Rails, Gallinules, Coots)","LC"
"2918","Neocrex colombiana","Colombian Crake","Rallidae (Rails, Gallinules, Coots)","DD"
"2919","Neocrex erythrops","Paint-billed Crake","Rallidae (Rails, Gallinules, Coots)","LC"
"2920","Pardirallus maculatus","Spotted Rail","Rallidae (Rails, Gallinules, Coots)","LC"
"2905","Porzana carolina","Sora","Rallidae (Rails, Gallinules, Coots)","LC"
"2931","Porphyrio martinicus","Purple Gallinule","Rallidae (Rails, Gallinules, Coots)","LC"
"1017063","Gallinula galeata","Common Gallinule","Rallidae (Rails, Gallinules, Coots)","LC"
"1017068","Fulica americana","American Coot","Rallidae (Rails, Gallinules, Coots)","LC"
"2799","Aramus guarauna","Limpkin","Aramidae (Limpkin)","LC"
"3986","Hydrobates melania","Black Storm-petrel","Hydrobatidae (Northern Storm-petrels)","LC"
"3977","Hydrobates microsoma","Least Storm-petrel","Hydrobatidae (Northern Storm-petrels)","LC"
"3978","Hydrobates tethys","Wedge-rumped Storm-petrel","Hydrobatidae (Northern Storm-petrels)","LC"
"3911","Pterodroma hasitata","Black-capped Petrel","Procellariidae (Petrels, Shearwaters)","EN"
"3923","Procellaria parkinsoni","Black Petrel","Procellariidae (Petrels, Shearwaters)","VU"
"3933","Ardenna grisea","Sooty Shearwater","Procellariidae (Petrels, Shearwaters)","NT"
"1016943","Puffinus lherminieri","Audubon's Shearwater","Procellariidae (Petrels, Shearwaters)","LC"
"3824","Mycteria americana","Wood Stork","Ciconiidae (Storks)","LC"
"3807","Platalea ajaja","Roseate Spoonbill","Threskiornithidae (Ibises, Spoonbills)","LC"
"3785","Mesembrinibis cayennensis","Green Ibis","Threskiornithidae (Ibises, Spoonbills)","LC"
"3774","Eudocimus albus","White Ibis","Threskiornithidae (Ibises, Spoonbills)","LC"
"3777","Plegadis falcinellus","Glossy Ibis","Threskiornithidae (Ibises, Spoonbills)","LC"
"3751","Tigrisoma lineatum","Rufescent Tiger-heron","Ardeidae (Herons)","LC"
"3750","Tigrisoma fasciatum","Fasciated Tiger-heron","Ardeidae (Herons)","LC"
"3749","Tigrisoma mexicanum","Bare-throated Tiger-heron","Ardeidae (Herons)","LC"
"3740","Agamia agami","Agami Heron","Ardeidae (Herons)","VU"
"3748","Cochlearius cochlearius","Boat-billed Heron","Ardeidae (Herons)","LC"
"3759","Ixobrychus exilis","Least Bittern","Ardeidae (Herons)","LC"
"3742","Nycticorax nycticorax","Black-crowned Night-heron","Ardeidae (Herons)","LC"
"3741","Nyctanassa violacea","Yellow-crowned Night-heron","Ardeidae (Herons)","LC"
"1016802","Butorides striata","Green-backed Heron","Ardeidae (Herons)","LC"
"3730","Bubulcus ibis","Cattle Egret","Ardeidae (Herons)","LC"
"1101858","Ardea herodias","Great Blue Heron","Ardeidae (Herons)","LC"
"3718","Ardea cocoi","Cocoi Heron","Ardeidae (Herons)","LC"
"3728","Ardea alba","Great White Egret","Ardeidae (Herons)","LC"
"3714","Pilherodius pileatus","Capped Heron","Ardeidae (Herons)","LC"
"3705","Egretta tricolor","Tricolored Heron","Ardeidae (Herons)","LC"
"3707","Egretta caerulea","Little Blue Heron","Ardeidae (Herons)","LC"
"3711","Egretta thula","Snowy Egret","Ardeidae (Herons)","LC"
"32208","Pelecanus occidentalis","Brown Pelican","Pelecanidae (Pelicans)","LC"
"3843","Fregata magnificens","Magnificent Frigatebird","Fregatidae (Frigatebirds)","LC"
"3659","Sula leucogaster","Brown Booby","Sulidae (Gannets, Boobies)","LC"
"3655","Sula nebouxii","Blue-footed Booby","Sulidae (Gannets, Boobies)","LC"
"32652","Sula dactylatra","Masked Booby","Sulidae (Gannets, Boobies)","LC"
"3674","Nannopterum brasilianus","Neotropical Cormorant","Phalacrocoracidae (Cormorants)","LC"
"3660","Anhinga anhinga","Anhinga","Anhingidae (Darters)","LC"
"3093","Haematopus palliatus","American Oystercatcher","Haematopodidae (Oystercatchers)","LC"
"1016812","Himantopus himantopus","Black-winged Stilt","Recurvirostridae (Avocets, Stilts)","LC"
"3114","Pluvialis squatarola","Grey Plover","Charadriidae (Plovers)","LC"
"3113","Pluvialis dominica","American Golden Plover","Charadriidae (Plovers)","LC"
"3117","Charadrius semipalmatus","Semipalmated Plover","Charadriidae (Plovers)","LC"
"3120","Charadrius wilsonia","Wilson's Plover","Charadriidae (Plovers)","LC"
"3121","Charadrius vociferus","Killdeer","Charadriidae (Plovers)","LC"
"3134","Charadrius collaris","Collared Plover","Charadriidae (Plovers)","LC"
"3175","Vanellus chilensis","Southern Lapwing","Charadriidae (Plovers)","LC"
"3074","Jacana spinosa","Northern Jacana","Jacanidae (Jacanas)","LC"
"3075","Jacana jacana","Wattled Jacana","Jacanidae (Jacanas)","LC"
"3015","Bartramia longicauda","Upland Sandpiper","Scolopacidae (Sandpipers, Snipes, Phalaropes)","LC"
"3009","Numenius phaeopus","Whimbrel","Scolopacidae (Sandpipers, Snipes, Phalaropes)","LC"
"3006","Limosa fedoa","Marbled Godwit","Scolopacidae (Sandpipers, Snipes, Phalaropes)","LC"
"3034","Arenaria interpres","Ruddy Turnstone","Scolopacidae (Sandpipers, Snipes, Phalaropes)","LC"
"3041","Calidris canutus","Red Knot","Scolopacidae (Sandpipers, Snipes, Phalaropes)","NT"
"3039","Calidris virgata","Surfbird","Scolopacidae (Sandpipers, Snipes, Phalaropes)","LC"
"3058","Calidris himantopus","Stilt Sandpiper","Scolopacidae (Sandpipers, Snipes, Phalaropes)","LC"
"3042","Calidris alba","Sanderling","Scolopacidae (Sandpipers, Snipes, Phalaropes)","LC"
"3051","Calidris bairdii","Baird's Sandpiper","Scolopacidae (Sandpipers, Snipes, Phalaropes)","LC"
"3049","Calidris minutilla","Least Sandpiper","Scolopacidae (Sandpipers, Snipes, Phalaropes)","LC"
"3050","Calidris fuscicollis","White-rumped Sandpiper","Scolopacidae (Sandpipers, Snipes, Phalaropes)","LC"
"3059","Calidris subruficollis","Buff-breasted Sandpiper","Scolopacidae (Sandpipers, Snipes, Phalaropes)","NT"
"3052","Calidris melanotos","Pectoral Sandpiper","Scolopacidae (Sandpipers, Snipes, Phalaropes)","LC"
"3043","Calidris pusilla","Semipalmated Sandpiper","Scolopacidae (Sandpipers, Snipes, Phalaropes)","NT"
"3044","Calidris mauri","Western Sandpiper","Scolopacidae (Sandpipers, Snipes, Phalaropes)","LC"
"3036","Limnodromus griseus","Short-billed Dowitcher","Scolopacidae (Sandpipers, Snipes, Phalaropes)","LC"
"3037","Limnodromus scolopaceus","Long-billed Dowitcher","Scolopacidae (Sandpipers, Snipes, Phalaropes)","LC"
"31052","Gallinago delicata","Wilson's Snipe","Scolopacidae (Sandpipers, Snipes, Phalaropes)","LC"
"3063","Steganopus tricolor","Wilson's Phalarope","Scolopacidae (Sandpipers, Snipes, Phalaropes)","LC"
"3028","Actitis macularius","Spotted Sandpiper","Scolopacidae (Sandpipers, Snipes, Phalaropes)","LC"
"3023","Tringa solitaria","Solitary Sandpiper","Scolopacidae (Sandpipers, Snipes, Phalaropes)","LC"
"3031","Tringa semipalmata","Willet","Scolopacidae (Sandpipers, Snipes, Phalaropes)","LC"
"3022","Tringa flavipes","Lesser Yellowlegs","Scolopacidae (Sandpipers, Snipes, Phalaropes)","LC"
"3021","Tringa melanoleuca","Greater Yellowlegs","Scolopacidae (Sandpipers, Snipes, Phalaropes)","LC"
"3294","Anous stolidus","Brown Noddy","Laridae (Gulls, Terns, Skimmers)","LC"
"3203","Rynchops niger","Black Skimmer","Laridae (Gulls, Terns, Skimmers)","LC"
"3253","Xema sabini","Sabine's Gull","Laridae (Gulls, Terns, Skimmers)","LC"
"3249","Larus pipixcan","Franklin's Gull","Laridae (Gulls, Terns, Skimmers)","LC"
"3248","Larus atricilla","Laughing Gull","Laridae (Gulls, Terns, Skimmers)","LC"
"3218","Larus delawarensis","Ring-billed Gull","Laridae (Gulls, Terns, Skimmers)","LC"
"1017057","Larus smithsonianus","Arctic Herring Gull","Laridae (Gulls, Terns, Skimmers)","LC"
"3288","Onychoprion fuscatus","Sooty Tern","Laridae (Gulls, Terns, Skimmers)","LC"
"3287","Onychoprion anaethetus","Bridled Tern","Laridae (Gulls, Terns, Skimmers)","LC"
"3278","Sternula antillarum","Least Tern","Laridae (Gulls, Terns, Skimmers)","LC"
"1016873","Gelochelidon nilotica","Common Gull-billed Tern","Laridae (Gulls, Terns, Skimmers)","LC"
"3258","Hydroprogne caspia","Caspian Tern","Laridae (Gulls, Terns, Skimmers)","LC"
"3292","Chlidonias niger","Black Tern","Laridae (Gulls, Terns, Skimmers)","LC"
"3270","Sterna hirundo","Common Tern","Laridae (Gulls, Terns, Skimmers)","LC"
"3261","Thalasseus elegans","Elegant Tern","Laridae (Gulls, Terns, Skimmers)","NT"
"3265","Thalasseus sandvicensis","Sandwich Tern","Laridae (Gulls, Terns, Skimmers)","LC"
"3260","Thalasseus maximus","Royal Tern","Laridae (Gulls, Terns, Skimmers)","LC"
"3201","Stercorarius parasiticus","Arctic Jaeger","Stercorariidae (Skuas)","LC"
"3200","Stercorarius pomarinus","Pomarine Jaeger","Stercorariidae (Skuas)","LC"
"3195","Catharacta skua","Great Skua","Stercorariidae (Skuas)","LC"
"3199","Catharacta maccormicki","South Polar Skua","Stercorariidae (Skuas)","LC"
"2155","Tyto alba","Common Barn-owl","Tytonidae (Barn-owls)","LC"
"30140","Glaucidium costaricanum","Costa Rican Pygmy-owl","Strigidae (Typical Owls)","LC"
"30141","Glaucidium griseiceps","Central American Pygmy-owl","Strigidae (Typical Owls)","LC"
"2269","Glaucidium minutissimum","Least Pygmy-owl","Strigidae (Typical Owls)","LC"
"2270","Glaucidium brasilianum","Ferruginous Pygmy-owl","Strigidae (Typical Owls)","LC"
"2321","Asio clamator","Striped Owl","Strigidae (Typical Owls)","LC"
"2195","Megascops choliba","Tropical Screech-owl","Strigidae (Typical Owls)","LC"
"2198","Megascops clarkii","Bare-shanked Screech-owl","Strigidae (Typical Owls)","LC"
"1017025","Megascops vermiculatus","Vermiculated Screech-owl","Strigidae (Typical Owls)","LC"
"2257","Pulsatrix perspicillata","Spectacled Owl","Strigidae (Typical Owls)","LC"
"2256","Lophostrix cristata","Crested Owl","Strigidae (Typical Owls)","LC"
"2250","Ciccaba virgata","Mottled Owl","Strigidae (Typical Owls)","LC"
"2251","Ciccaba nigrolineata","Black-and-white Owl","Strigidae (Typical Owls)","LC"
"3818","Cathartes aura","Turkey Vulture","Cathartidae (New World vultures)","LC"
"3819","Cathartes burrovianus","Lesser Yellow-headed Vulture","Cathartidae (New World vultures)","LC"
"3820","Cathartes melambrotus","Greater Yellow-headed Vulture","Cathartidae (New World vultures)","LC"
"3817","Coragyps atratus","American Black Vulture","Cathartidae (New World vultures)","LC"
"3823","Sarcoramphus papa","King Vulture","Cathartidae (New World vultures)","LC"
"3324","Pandion haliaetus","Osprey","Pandionidae (Osprey)","LC"
"3341","Gampsonyx swainsonii","Pearl Kite","Elanidae (Kites)","LC"
"3344","Elanus leucurus","White-tailed Kite","Elanidae (Kites)","LC"
"3330","Leptodon cayanensis","Grey-headed Kite","Accipitridae (Hawks, Eagles)","LC"
"3331","Chondrohierax uncinatus","Hook-billed Kite","Accipitridae (Hawks, Eagles)","LC"
"3339","Elanoides forficatus","Swallow-tailed Kite","Accipitridae (Hawks, Eagles)","LC"
"3525","Morphnus guianensis","Crested Eagle","Accipitridae (Hawks, Eagles)","NT"
"3526","Harpia harpyja","Harpy Eagle","Accipitridae (Hawks, Eagles)","VU"
"3558","Spizaetus tyrannus","Black Hawk-eagle","Accipitridae (Hawks, Eagles)","LC"
"3548","Spizaetus melanoleucus","Black-and-white Hawk-eagle","Accipitridae (Hawks, Eagles)","LC"
"3559","Spizaetus ornatus","Ornate Hawk-eagle","Accipitridae (Hawks, Eagles)","NT"
"3349","Harpagus bidentatus","Double-toothed Kite","Accipitridae (Hawks, Eagles)","LC"
"1016810","Circus hudsonius","Northern Harrier","Accipitridae (Hawks, Eagles)","LC"
"3419","Accipiter poliogaster","Grey-bellied Goshawk","Accipitridae (Hawks, Eagles)","NT"
"32242","Accipiter striatus","Sharp-shinned Hawk","Accipitridae (Hawks, Eagles)","LC"
"3463","Accipiter bicolor","Bicolored Hawk","Accipitridae (Hawks, Eagles)","LC"
"3442","Accipiter superciliosus","Tiny Hawk","Accipitridae (Hawks, Eagles)","LC"
"3493","Busarellus nigricollis","Black-collared Hawk","Accipitridae (Hawks, Eagles)","LC"
"3476","Geranospiza caerulescens","Crane Hawk","Accipitridae (Hawks, Eagles)","LC"
"3351","Ictinia mississippiensis","Mississippi Kite","Accipitridae (Hawks, Eagles)","LC"
"3352","Ictinia plumbea","Plumbeous Kite","Accipitridae (Hawks, Eagles)","LC"
"3347","Rostrhamus sociabilis","Snail Kite","Accipitridae (Hawks, Eagles)","LC"
"3348","Helicolestes hamatus","Slender-billed Kite","Accipitridae (Hawks, Eagles)","LC"
"3499","Rupornis magnirostris","Roadside Hawk","Accipitridae (Hawks, Eagles)","LC"
"3477","Cryptoleucopteryx plumbea","Plumbeous Hawk","Accipitridae (Hawks, Eagles)","NT"
"32520","Buteogallus anthracinus","Common Black Hawk","Accipitridae (Hawks, Eagles)","LC"
"3491","Buteogallus meridionalis","Savanna Hawk","Accipitridae (Hawks, Eagles)","LC"
"3490","Buteogallus urubitinga","Great Black Hawk","Accipitridae (Hawks, Eagles)","LC"
"3495","Buteogallus solitarius","Black Solitary Eagle","Accipitridae (Hawks, Eagles)","NT"
"3479","Morphnarchus princeps","Barred Hawk","Accipitridae (Hawks, Eagles)","LC"
"3507","Geranoaetus albicaudatus","White-tailed Hawk","Accipitridae (Hawks, Eagles)","LC"
"3484","Pseudastur albicollis","White Hawk","Accipitridae (Hawks, Eagles)","LC"
"3483","Leucopternis semiplumbeus","Semiplumbeous Hawk","Accipitridae (Hawks, Eagles)","LC"
"1016738","Buteo nitidus","Grey-lined Hawk","Accipitridae (Hawks, Eagles)","LC"
"3502","Buteo platypterus","Broad-winged Hawk","Accipitridae (Hawks, Eagles)","LC"
"3504","Buteo brachyurus","Short-tailed Hawk","Accipitridae (Hawks, Eagles)","LC"
"3506","Buteo swainsoni","Swainson's Hawk","Accipitridae (Hawks, Eagles)","LC"
"3511","Buteo albonotatus","Zone-tailed Hawk","Accipitridae (Hawks, Eagles)","LC"
"3513","Buteo jamaicensis","Red-tailed Hawk","Accipitridae (Hawks, Eagles)","LC"
"1000","Pharomachrus auriceps","Golden-headed Quetzal","Trogonidae (Trogons)","LC"
"997","Pharomachrus mocinno","Resplendent Quetzal","Trogonidae (Trogons)","NT"
"1007","Trogon clathratus","Lattice-tailed Trogon","Trogonidae (Trogons)","LC"
"1005","Trogon massena","Slaty-tailed Trogon","Trogonidae (Trogons)","LC"
"32668","Trogon melanurus","Black-tailed Trogon","Trogonidae (Trogons)","LC"
"32667","Trogon chionurus","White-tailed Trogon","Trogonidae (Trogons)","LC"
"1009","Trogon bairdii","Baird's Trogon","Trogonidae (Trogons)","NT"
"1017014","Trogon violaceus","Violaceous Trogon","Trogonidae (Trogons)","LC"
"1018","Trogon rufus","Black-throated Trogon","Trogonidae (Trogons)","LC"
"1017017","Trogon collaris","Collared Trogon","Trogonidae (Trogons)","LC"
"1051","Hylomanes momotula","Tody Motmot","Momotidae (Motmots)","LC"
"1017007","Momotus lessonii","Blue-diademed Motmot","Momotidae (Motmots)","LC"
"1017008","Momotus subrufescens","Whooping Motmot","Momotidae (Motmots)","LC"
"1056","Baryphthengus martii","Rufous Motmot","Momotidae (Motmots)","LC"
"1053","Electron platyrhynchum","Broad-billed Motmot","Momotidae (Motmots)","LC"
"1154","Megaceryle torquata","Ringed Kingfisher","Alcedinidae (Kingfishers)","LC"
"1153","Megaceryle alcyon","Belted Kingfisher","Alcedinidae (Kingfishers)","LC"
"1156","Chloroceryle amazona","Amazon Kingfisher","Alcedinidae (Kingfishers)","LC"
"1159","Chloroceryle aenea","American Pygmy-kingfisher","Alcedinidae (Kingfishers)","LC"
"1157","Chloroceryle americana","Green Kingfisher","Alcedinidae (Kingfishers)","LC"
"1158","Chloroceryle inda","Green-and-rufous Kingfisher","Alcedinidae (Kingfishers)","LC"
"879","Brachygalba salmoni","Dusky-backed Jacamar","Galbulidae (Jacamars)","LC"
"886","Galbula ruficauda","Rufous-tailed Jacamar","Galbulidae (Jacamars)","LC"
"894","Jacamerops aureus","Great Jacamar","Galbulidae (Jacamars)","LC"
"32188","Notharchus hyperrhynchus","White-necked Puffbird","Bucconidae (Puffbirds)","LC"
"896","Notharchus pectoralis","Black-breasted Puffbird","Bucconidae (Puffbirds)","LC"
"1017047","Notharchus subtectus","Lesser Pied Puffbird","Bucconidae (Puffbirds)","LC"
"903","Nystalus radiatus","Barred Puffbird","Bucconidae (Puffbirds)","LC"
"913","Malacoptila panamensis","White-whiskered Puffbird","Bucconidae (Puffbirds)","LC"
"915","Micromonacha lanceolata","Lanceolated Monklet","Bucconidae (Puffbirds)","LC"
"919","Nonnula frontalis","Grey-cheeked Nunlet","Bucconidae (Puffbirds)","LC"
"925","Monasa morphoeus","White-fronted Nunbird","Bucconidae (Puffbirds)","LC"
"1016826","Ramphastos ambiguus","Yellow-throated Toucan","Ramphastidae (Toucans)","NT"
"866","Ramphastos sulfuratus","Keel-billed Toucan","Ramphastidae (Toucans)","NT"
"867","Ramphastos brevis","Choco Toucan","Ramphastidae (Toucans)","LC"
"1016649","Aulacorhynchus caeruleogularis","Blue-throated Toucanet","Ramphastidae (Toucans)","LC"
"860","Selenidera spectabilis","Yellow-eared Toucanet","Ramphastidae (Toucans)","LC"
"1016630","Pteroglossus torquatus","Collared Araçari","Ramphastidae (Toucans)","LC"
"1016631","Pteroglossus sanguineus","Stripe-billed Araçari","Ramphastidae (Toucans)","LC"
"851","Pteroglossus frantzii","Fiery-billed Araçari","Ramphastidae (Toucans)","LC"
"824","Capito maculicoronatus","Spot-crowned Barbet","Capitonidae (New World Barbets)","LC"
"832","Eubucco bourcierii","Red-headed Barbet","Capitonidae (New World Barbets)","LC"
"835","Semnornis frantzii","Prong-billed Barbet","Semnornithidae (Prong-billed Barbets)","LC"
"563","Picumnus olivaceus","Olivaceous Piculet","Picidae (Woodpeckers)","LC"
"1016723","Campephilus splendens","Splendid Woodpecker","Picidae (Woodpeckers)","NT"
"713","Campephilus guatemalensis","Pale-billed Woodpecker","Picidae (Woodpeckers)","LC"
"714","Campephilus melanoleucos","Crimson-crested Woodpecker","Picidae (Woodpeckers)","LC"
"672","Piculus simplex","Rufous-winged Woodpecker","Picidae (Woodpeckers)","LC"
"673","Piculus callopterus","Stripe-cheeked Woodpecker","Picidae (Woodpeckers)","LC"
"675","Piculus leucolaemus","White-throated Woodpecker","Picidae (Woodpeckers)","LC"
"677","Piculus chrysochloros","Golden-green Woodpecker","Picidae (Woodpeckers)","LC"
"683","Colaptes punctigula","Spot-breasted Woodpecker","Picidae (Woodpeckers)","LC"
"1016991","Colaptes rubiginosus","Golden-olive Woodpecker","Picidae (Woodpeckers)","LC"
"692","Celeus loricatus","Cinnamon Woodpecker","Picidae (Woodpeckers)","LC"
"695","Celeus castaneus","Chestnut-colored Woodpecker","Picidae (Woodpeckers)","LC"
"1016617","Hylatomus lineatus","Lineated Woodpecker","Picidae (Woodpeckers)","LC"
"592","Sphyrapicus varius","Yellow-bellied Sapsucker","Picidae (Woodpeckers)","LC"
"575","Melanerpes formicivorus","Acorn Woodpecker","Picidae (Woodpeckers)","LC"
"32161","Melanerpes chrysauchen","Golden-naped Woodpecker","Picidae (Woodpeckers)","LC"
"576","Melanerpes pucherani","Black-cheeked Woodpecker","Picidae (Woodpeckers)","LC"
"586","Melanerpes rubricapillus","Red-crowned Woodpecker","Picidae (Woodpeckers)","LC"
"655","Leuconotopicus villosus","Hairy Woodpecker","Picidae (Woodpeckers)","LC"
"662","Leuconotopicus fumigatus","Smoky-brown Woodpecker","Picidae (Woodpeckers)","LC"
"667","Veniliornis kirkii","Red-rumped Woodpecker","Picidae (Woodpeckers)","LC"
"3573","Herpetotheres cachinnans","Laughing Falcon","Falconidae (Falcons, Caracaras)","LC"
"3574","Micrastur ruficollis","Barred Forest-falcon","Falconidae (Falcons, Caracaras)","LC"
"3577","Micrastur mirandollei","Slaty-backed Forest-falcon","Falconidae (Falcons, Caracaras)","LC"
"3578","Micrastur semitorquatus","Collared Forest-falcon","Falconidae (Falcons, Caracaras)","LC"
"3570","Caracara cheriway","Crested Caracara","Falconidae (Falcons, Caracaras)","LC"
"3564","Ibycter americanus","Red-throated Caracara","Falconidae (Falcons, Caracaras)","LC"
"3571","Milvago chimachima","Yellow-headed Caracara","Falconidae (Falcons, Caracaras)","LC"
"3596","Falco sparverius","American Kestrel","Falconidae (Falcons, Caracaras)","LC"
"3608","Falco columbarius","Merlin","Falconidae (Falcons, Caracaras)","LC"
"3609","Falco rufigularis","Bat Falcon","Falconidae (Falcons, Caracaras)","LC"
"3624","Falco deiroleucus","Orange-breasted Falcon","Falconidae (Falcons, Caracaras)","NT"
"3607","Falco femoralis","Aplomado Falcon","Falconidae (Falcons, Caracaras)","LC"
"1016472","Falco peregrinus","Peregrine Falcon","Falconidae (Falcons, Caracaras)","LC"
"1633","Touit costaricensis","Red-fronted Parrotlet","Psittacidae (Parrots)","NT"
"1634","Touit dilectissimus","Blue-fronted Parrotlet","Psittacidae (Parrots)","LC"
"1611","Bolborhynchus lineola","Barred Parakeet","Psittacidae (Parrots)","LC"
"1625","Brotogeris jugularis","Orange-chinned Parakeet","Psittacidae (Parrots)","LC"
"1642","Pyrilia haematotis","Brown-hooded Parrot","Psittacidae (Parrots)","LC"
"1645","Pyrilia pyrilia","Saffron-headed Parrot","Psittacidae (Parrots)","NT"
"1016914","Pionus menstruus","Blue-headed Parrot","Psittacidae (Parrots)","LC"
"1657","Pionus senilis","White-crowned Parrot","Psittacidae (Parrots)","LC"
"1016845","Amazona autumnalis","Red-lored Amazon","Psittacidae (Parrots)","LC"
"1681","Amazona ochrocephala","Yellow-crowned Amazon","Psittacidae (Parrots)","LC"
"1016917","Amazona guatemalae","Northern Mealy Amazon","Psittacidae (Parrots)","NT"
"1016916","Amazona farinosa","Southern Mealy Amazon","Psittacidae (Parrots)","LC"
"1617","Forpus conspicillatus","Spectacled Parrotlet","Psittacidae (Parrots)","LC"
"1016901","Pyrrhura eisenmanni","Azuero Parakeet","Psittacidae (Parrots)","VU"
"1605","Pyrrhura hoffmanni","Sulphur-winged Parakeet","Psittacidae (Parrots)","LC"
"1016890","Eupsittula astec","Aztec Parakeet","Psittacidae (Parrots)","LC"
"1579","Eupsittula pertinax","Brown-throated Parakeet","Psittacidae (Parrots)","LC"
"1547","Ara ararauna","Blue-and-yellow Macaw","Psittacidae (Parrots)","LC"
"1550","Ara ambiguus","Great Green Macaw","Psittacidae (Parrots)","CR"
"1551","Ara macao","Scarlet Macaw","Psittacidae (Parrots)","LC"
"1552","Ara chloropterus","Red-and-green Macaw","Psittacidae (Parrots)","LC"
"1554","Ara severus","Chestnut-fronted Macaw","Psittacidae (Parrots)","LC"
"1568","Psittacara finschi","Crimson-fronted Parakeet","Psittacidae (Parrots)","LC"
"4043","Sapayoa aenigma","Sapayoa","Sapayoidae (Sapayoa)","LC"
"4701","Euchrepomis callinota","Rufous-rumped Antwren","Thamnophilidae (Typical Antbirds)","LC"
"4684","Microrhopias quixensis","Dot-winged Antwren","Thamnophilidae (Typical Antbirds)","LC"
"4651","Epinecrophylla fulviventris","Checker-throated Antwren","Thamnophilidae (Typical Antbirds)","LC"
"1017266","Formicivora intermedia","Northern White-fringed Antwren","Thamnophilidae (Typical Antbirds)","LC"
"31378","Myrmotherula ignota","Moustached Antwren","Thamnophilidae (Typical Antbirds)","LC"
"30150","Myrmotherula pacifica","Pacific Antwren","Thamnophilidae (Typical Antbirds)","LC"
"1017271","Myrmotherula axillaris","White-flanked Antwren","Thamnophilidae (Typical Antbirds)","LC"
"4659","Myrmotherula schisticolor","Slaty Antwren","Thamnophilidae (Typical Antbirds)","LC"
"4629","Dysithamnus mentalis","Plain Antvireo","Thamnophilidae (Typical Antbirds)","LC"
"4631","Dysithamnus puncticeps","Spot-crowned Antvireo","Thamnophilidae (Typical Antbirds)","LC"
"1017276","Herpsilochmus scapularis","Northern Rufous-winged Antwren","Thamnophilidae (Typical Antbirds)","LC"
"4585","Cymbilaimus lineatus","Fasciated Antshrike","Thamnophilidae (Typical Antbirds)","LC"
"4593","Taraba major","Great Antshrike","Thamnophilidae (Typical Antbirds)","LC"
"4601","Thamnophilus doliatus","Barred Antshrike","Thamnophilidae (Typical Antbirds)","LC"
"4605","Thamnophilus bridgesi","Black-hooded Antshrike","Thamnophilidae (Typical Antbirds)","LC"
"30149","Thamnophilus atrinucha","Black-crowned Antshrike","Thamnophilidae (Typical Antbirds)","LC"
"4606","Thamnophilus nigriceps","Black Antshrike","Thamnophilidae (Typical Antbirds)","LC"
"4626","Xenornis setifrons","Spiny-faced Antshrike","Thamnophilidae (Typical Antbirds)","NT"
"4711","Cercomacra nigricans","Jet Antbird","Thamnophilidae (Typical Antbirds)","LC"
"4707","Cercomacroides tyrannina","Dusky Antbird","Thamnophilidae (Typical Antbirds)","LC"
"4775","Phaenostictus mcleannani","Ocellated Antbird","Thamnophilidae (Typical Antbirds)","LC"
"31153","Gymnopithys bicolor","Bicolored Antbird","Thamnophilidae (Typical Antbirds)","LC"
"4767","Hylophylax naevioides","Spotted Antbird","Thamnophilidae (Typical Antbirds)","LC"
"1017293","Poliocrania maculifer","Short-tailed Antbird","Thamnophilidae (Typical Antbirds)","LC"
"1017292","Poliocrania exsul","Chestnut-backed Antbird","Thamnophilidae (Typical Antbirds)","LC"
"112646","Sipia laemosticta","Dull-mantled Antbird","Thamnophilidae (Typical Antbirds)","LC"
"4736","Myrmeciza longipes","White-bellied Antbird","Thamnophilidae (Typical Antbirds)","LC"
"4728","Gymnocichla nudiceps","Bare-crowned Antbird","Thamnophilidae (Typical Antbirds)","LC"
"1017295","Hafferia zeledoni","Zeledon's Antbird","Thamnophilidae (Typical Antbirds)","LC"
"9861","Myrmornis stictoptera","Northern Wing-banded Antbird","Thamnophilidae (Typical Antbirds)","LC"
"1017297","Thamnistes anabatinus","Western Russet Antshrike","Thamnophilidae (Typical Antbirds)","LC"
"5068","Pittasoma michleri","Black-crowned Pittasoma","Conopophagidae (Gnateaters)","LC"
"5074","Grallaria guatimalensis","Scaled Antpitta","Grallariidae (Antpittas)","LC"
"5100","Hylopezus perspicillatus","Streak-chested Antpitta","Grallariidae (Antpittas)","LC"
"30151","Hylopezus dives","Thicket Antpitta","Grallariidae (Antpittas)","LC"
"5107","Grallaricula flavirostris","Ochre-breasted Antpitta","Grallariidae (Antpittas)","LC"
"5145","Scytalopus argentifrons","Silvery-fronted Tapaculo","Rhinocryptidae (Tapaculos)","LC"
"5143","Scytalopus panamensis","Tacarcuna Tapaculo","Rhinocryptidae (Tapaculos)","NT"
"30152","Scytalopus chocoensis","Choco Tapaculo","Rhinocryptidae (Tapaculos)","LC"
"1017311","Formicarius analis","Black-faced Antthrush","Formicariidae (Ground-antbirds)","LC"
"5060","Formicarius nigricapillus","Black-headed Antthrush","Formicariidae (Ground-antbirds)","LC"
"5061","Formicarius rufipectus","Rufous-breasted Antthrush","Formicariidae (Ground-antbirds)","LC"
"4996","Sclerurus mexicanus","Tawny-throated Leaftosser","Furnariidae (Ovenbirds)","LC"
"5001","Sclerurus guatemalensis","Scaly-throated Leaftosser","Furnariidae (Ovenbirds)","LC"
"4998","Sclerurus albigularis","Grey-throated Leaftosser","Furnariidae (Ovenbirds)","NT"
"1017317","Deconychura typica","Little Long-tailed Woodcreeper","Furnariidae (Ovenbirds)","LC"
"1017319","Sittasomus griseus","Western Olivaceous Woodcreeper","Furnariidae (Ovenbirds)","LC"
"5014","Dendrocincla homochroa","Ruddy Woodcreeper","Furnariidae (Ovenbirds)","LC"
"5012","Dendrocincla anabatina","Tawny-winged Woodcreeper","Furnariidae (Ovenbirds)","LC"
"5010","Dendrocincla fuliginosa","Plain-brown Woodcreeper","Furnariidae (Ovenbirds)","LC"
"5018","Glyphorynchus spirurus","Wedge-billed Woodcreeper","Furnariidae (Ovenbirds)","LC"
"1017320","Dendrocolaptes sanctithomae","Western Barred Woodcreeper","Furnariidae (Ovenbirds)","LC"
"5030","Dendrocolaptes picumnus","Black-banded Woodcreeper","Furnariidae (Ovenbirds)","LC"
"5024","Xiphocolaptes promeropirhynchus","Strong-billed Woodcreeper","Furnariidae (Ovenbirds)","LC"
"30148","Xiphorhynchus susurrans","Cocoa Woodcreeper","Furnariidae (Ovenbirds)","LC"
"5042","Xiphorhynchus lachrymosus","Black-striped Woodcreeper","Furnariidae (Ovenbirds)","LC"
"1017331","Xiphorhynchus aequatorialis","Southern Spotted Woodcreeper","Furnariidae (Ovenbirds)","LC"
"5032","Dendroplex picus","Straight-billed Woodcreeper","Furnariidae (Ovenbirds)","LC"
"5055","Campylorhamphus pusillus","Brown-billed Scythebill","Furnariidae (Ovenbirds)","LC"
"5053","Campylorhamphus trochilirostris","Red-billed Scythebill","Furnariidae (Ovenbirds)","LC"
"5046","Lepidocolaptes souleyetii","Streak-headed Woodcreeper","Furnariidae (Ovenbirds)","LC"
"1017340","Lepidocolaptes neglectus","Southern Spot-crowned Woodcreeper","Furnariidae (Ovenbirds)","LC"
"1017342","Xenops genibarbis","Plain Xenops","Furnariidae (Ovenbirds)","LC"
"5006","Xenops rutilus","Streaked Xenops","Furnariidae (Ovenbirds)","LC"
"4952","Pseudocolaptes lawrencii","Buffy Tuftedcheek","Furnariidae (Ovenbirds)","LC"
"4948","Lochmias nematura","Streamcreeper","Furnariidae (Ovenbirds)","LC"
"4967","Philydor fuscipenne","Slaty-winged Foliage-gleaner","Furnariidae (Ovenbirds)","LC"
"4973","Philydor rufum","Buff-fronted Foliage-gleaner","Furnariidae (Ovenbirds)","LC"
"4962","Anabacerthia variegaticeps","Scaly-throated Foliage-gleaner","Furnariidae (Ovenbirds)","LC"
"4959","Syndactyla subalaris","Lineated Foliage-gleaner","Furnariidae (Ovenbirds)","LC"
"32682","Clibanornis rubiginosus","Ruddy Foliage-gleaner","Furnariidae (Ovenbirds)","LC"
"4980","Thripadectes rufobrunneus","Streak-breasted Treehunter","Furnariidae (Ovenbirds)","LC"
"1017353","Automolus virgatus","Western Woodhaunter","Furnariidae (Ovenbirds)","LC"
"4986","Automolus ochrolaemus","Buff-throated Foliage-gleaner","Furnariidae (Ovenbirds)","LC"
"4942","Premnoplex brunnescens","Spotted Barbtail","Furnariidae (Ovenbirds)","LC"
"4944","Margarornis rubiginosus","Ruddy Treerunner","Furnariidae (Ovenbirds)","LC"
"4946","Margarornis bellulus","Beautiful Treerunner","Furnariidae (Ovenbirds)","NT"
"4938","Xenerpestes minlosi","Double-banded Greytail","Furnariidae (Ovenbirds)","LC"
"4885","Cranioleuca dissita","Coiba Spinetail","Furnariidae (Ovenbirds)","LC"
"4872","Cranioleuca erythrops","Red-faced Spinetail","Furnariidae (Ovenbirds)","LC"
"4844","Synallaxis brachyura","Slaty Spinetail","Furnariidae (Ovenbirds)","LC"
"4842","Synallaxis albescens","Pale-breasted Spinetail","Furnariidae (Ovenbirds)","LC"
"4560","Manacus candei","White-collared Manakin","Pipridae (Manakins)","LC"
"4561","Manacus aurantiacus","Orange-collared Manakin","Pipridae (Manakins)","LC"
"4562","Manacus vitellinus","Golden-collared Manakin","Pipridae (Manakins)","LC"
"4540","Pseudopipra pipra","White-crowned Manakin","Pipridae (Manakins)","LC"
"4535","Ceratopipra mentalis","Red-capped Manakin","Pipridae (Manakins)","LC"
"4536","Ceratopipra erythrocephala","Golden-headed Manakin","Pipridae (Manakins)","LC"
"1017377","Cryptopipo litae","Choco Manakin","Pipridae (Manakins)","LC"
"4541","Lepidothrix coronata","Blue-crowned Manakin","Pipridae (Manakins)","LC"
"1017378","Corapipo leucorrhoa","White-ruffed Manakin","Pipridae (Manakins)","LC"
"4551","Chiroxiphia lanceolata","Lance-tailed Manakin","Pipridae (Manakins)","LC"
"4519","Querula purpurata","Purple-throated Fruitcrow","Cotingidae (Cotingas)","LC"
"4521","Cephalopterus glabricollis","Bare-necked Umbrellabird","Cotingidae (Cotingas)","EN"
"4499","Lipaugus unirufus","Rufous Piha","Cotingidae (Cotingas)","LC"
"4525","Procnias tricarunculatus","Three-wattled Bellbird","Cotingidae (Cotingas)","VU"
"4503","Cotinga amabilis","Lovely Cotinga","Cotingidae (Cotingas)","LC"
"4505","Cotinga nattererii","Blue Cotinga","Cotingidae (Cotingas)","LC"
"4504","Cotinga ridgwayi","Turquoise Cotinga","Cotingidae (Cotingas)","VU"
"4515","Carpodectes hopkei","Black-tipped Cotinga","Cotingidae (Cotingas)","LC"
"4514","Carpodectes antoniae","Yellow-billed Cotinga","Cotingidae (Cotingas)","NT"
"4513","Carpodectes nitidus","Snowy Cotinga","Cotingidae (Cotingas)","LC"
"4531","Oxyruncus cristatus","Sharpbill","Tityridae (Tityras and allies)","LC"
"30201","Onychorhynchus mexicanus","Northern Royal Flycatcher","Tityridae (Tityras and allies)","LC"
"4248","Terenotriccus erythrurus","Ruddy-tailed Flycatcher","Tityridae (Tityras and allies)","LC"
"4249","Myiobius villosus","Tawny-breasted Flycatcher","Tityridae (Tityras and allies)","LC"
"31384","Myiobius sulphureipygius","Sulphur-rumped Flycatcher","Tityridae (Tityras and allies)","LC"
"4251","Myiobius atricaudus","Black-tailed Flycatcher","Tityridae (Tityras and allies)","LC"
"4462","Tityra inquisitor","Black-crowned Tityra","Tityridae (Tityras and allies)","LC"
"4461","Tityra semifasciata","Masked Tityra","Tityridae (Tityras and allies)","LC"
"4445","Pachyramphus versicolor","Barred Becard","Tityridae (Tityras and allies)","LC"
"4453","Pachyramphus rufus","Cinereous Becard","Tityridae (Tityras and allies)","LC"
"4455","Pachyramphus aglaiae","Rose-throated Becard","Tityridae (Tityras and allies)","LC"
"4456","Pachyramphus homochrous","One-colored Becard","Tityridae (Tityras and allies)","LC"
"4446","Pachyramphus cinnamomeus","Cinnamon Becard","Tityridae (Tityras and allies)","LC"
"4448","Pachyramphus polychopterus","White-winged Becard","Tityridae (Tityras and allies)","LC"
"4450","Pachyramphus albogriseus","Black-and-white Becard","Tityridae (Tityras and allies)","LC"
"1017391","Schiffornis stenorhyncha","Russet-winged Mourner","Tityridae (Tityras and allies)","LC"
"1017393","Schiffornis veraepacis","Northern Mourner","Tityridae (Tityras and allies)","LC"
"4377","Laniocera rufescens","Speckled Mourner","Tityridae (Tityras and allies)","LC"
"4229","Platyrinchus cancrominus","Stub-tailed Spadebill","Tyrannidae (Tyrant-flycatchers)","LC"
"1017395","Platyrinchus albogularis","Western White-throated Spadebill","Tyrannidae (Tyrant-flycatchers)","LC"
"4231","Platyrinchus coronatus","Golden-crowned Spadebill","Tyrannidae (Tyrant-flycatchers)","LC"
"4583","Piprites griseiceps","Grey-headed Piprites","Tyrannidae (Tyrant-flycatchers)","LC"
"4053","Pseudotriccus pelzelni","Bronze-olive Pygmy-tyrant","Tyrannidae (Tyrant-flycatchers)","LC"
"4205","Phylloscartes flavovirens","Yellow-green Tyrannulet","Tyrannidae (Tyrant-flycatchers)","LC"
"4207","Phylloscartes superciliaris","Rufous-browed Tyrannulet","Tyrannidae (Tyrant-flycatchers)","LC"
"1017396","Mionectes olivaceus","Olive-streaked Flycatcher","Tyrannidae (Tyrant-flycatchers)","LC"
"4046","Mionectes oleagineus","Ochre-bellied Flycatcher","Tyrannidae (Tyrant-flycatchers)","LC"
"4051","Leptopogon amaurocephalus","Sepia-capped Flycatcher","Tyrannidae (Tyrant-flycatchers)","LC"
"1017400","Leptopogon superciliaris","Slaty-capped Flycatcher","Tyrannidae (Tyrant-flycatchers)","LC"
"4220","Cnipodectes subbrunneus","Brownish Twistwing","Tyrannidae (Tyrant-flycatchers)","LC"
"4221","Rhynchocyclus brevirostris","Eye-ringed Flatbill","Tyrannidae (Tyrant-flycatchers)","LC"
"1017403","Rhynchocyclus aequinoctialis","Western Olivaceous Flatbill","Tyrannidae (Tyrant-flycatchers)","LC"
"4224","Tolmomyias sulphurescens","Yellow-olive Flatbill","Tyrannidae (Tyrant-flycatchers)","LC"
"31382","Tolmomyias flavotectus","Yellow-winged Flatbill","Tyrannidae (Tyrant-flycatchers)","LC"
"4211","Myiornis atricapillus","Black-capped Pygmy-tyrant","Tyrannidae (Tyrant-flycatchers)","LC"
"4218","Oncostoma cinereigulare","Northern Bentbill","Tyrannidae (Tyrant-flycatchers)","LC"
"4219","Oncostoma olivaceum","Southern Bentbill","Tyrannidae (Tyrant-flycatchers)","LC"
"4213","Lophotriccus pileatus","Scale-crested Pygmy-tyrant","Tyrannidae (Tyrant-flycatchers)","LC"
"4217","Atalotriccus pilaris","Pale-eyed Pygmy-tyrant","Tyrannidae (Tyrant-flycatchers)","LC"
"4085","Poecilotriccus sylvia","Slate-headed Tody-flycatcher","Tyrannidae (Tyrant-flycatchers)","LC"
"4088","Todirostrum cinereum","Common Tody-flycatcher","Tyrannidae (Tyrant-flycatchers)","LC"
"4090","Todirostrum nigriceps","Black-headed Tody-flycatcher","Tyrannidae (Tyrant-flycatchers)","LC"
"1017411","Zimmerius parvus","Mistletoe Tyrannulet","Tyrannidae (Tyrant-flycatchers)","LC"
"4117","Ornithion semiflavum","Yellow-bellied Tyrannulet","Tyrannidae (Tyrant-flycatchers)","LC"
"4118","Ornithion brunneicapillus","Brown-capped Tyrannulet","Tyrannidae (Tyrant-flycatchers)","LC"
"4120","Camptostoma obsoletum","Southern Beardless Tyrannulet","Tyrannidae (Tyrant-flycatchers)","LC"
"4138","Elaenia flavogaster","Yellow-bellied Elaenia","Tyrannidae (Tyrant-flycatchers)","LC"
"1017417","Elaenia chiriquensis","Lesser Elaenia","Tyrannidae (Tyrant-flycatchers)","LC"
"4150","Elaenia frantzii","Mountain Elaenia","Tyrannidae (Tyrant-flycatchers)","LC"
"4129","Tyrannulus elatus","Yellow-crowned Tyrannulet","Tyrannidae (Tyrant-flycatchers)","LC"
"1017425","Myiopagis parambae","Choco Grey Elaenia","Tyrannidae (Tyrant-flycatchers)","LC"
"4130","Myiopagis gaimardii","Forest Elaenia","Tyrannidae (Tyrant-flycatchers)","LC"
"4135","Myiopagis viridicata","Greenish Elaenia","Tyrannidae (Tyrant-flycatchers)","LC"
"4123","Capsiempis flaveola","Yellow Tyrannulet","Tyrannidae (Tyrant-flycatchers)","LC"
"4098","Phyllomyias zeledoni","White-fronted Tyrannulet","Tyrannidae (Tyrant-flycatchers)","LC"
"4104","Phyllomyias griseiceps","Sooty-headed Tyrannulet","Tyrannidae (Tyrant-flycatchers)","LC"
"1017426","Phaeomyias murina","Mouse-colored Tyrannulet","Tyrannidae (Tyrant-flycatchers)","LC"
"4161","Serpophaga cinerea","Torrent Tyrannulet","Tyrannidae (Tyrant-flycatchers)","LC"
"4362","Colonia colonus","Long-tailed Tyrant","Tyrannidae (Tyrant-flycatchers)","LC"
"1017434","Myiophobus fasciatus","Bran-colored Flycatcher","Tyrannidae (Tyrant-flycatchers)","LC"
"4124","Sublegatus arenarum","Northern Scrub-flycatcher","Tyrannidae (Tyrant-flycatchers)","LC"
"4354","Fluvicola pica","Pied Water-tyrant","Tyrannidae (Tyrant-flycatchers)","LC"
"4259","Aphanotriccus audax","Black-billed Flycatcher","Tyrannidae (Tyrant-flycatchers)","NT"
"4262","Mitrephanes phaeocercus","Tufted Flycatcher","Tyrannidae (Tyrant-flycatchers)","LC"
"4293","Sayornis nigricans","Black Phoebe","Tyrannidae (Tyrant-flycatchers)","LC"
"4277","Empidonax virescens","Acadian Flycatcher","Tyrannidae (Tyrant-flycatchers)","LC"
"4276","Empidonax flaviventris","Yellow-bellied Flycatcher","Tyrannidae (Tyrant-flycatchers)","LC"
"4288","Empidonax flavescens","Yellowish Flycatcher","Tyrannidae (Tyrant-flycatchers)","LC"
"4280","Empidonax albigularis","White-throated Flycatcher","Tyrannidae (Tyrant-flycatchers)","LC"
"4279","Empidonax traillii","Willow Flycatcher","Tyrannidae (Tyrant-flycatchers)","LC"
"4278","Empidonax alnorum","Alder Flycatcher","Tyrannidae (Tyrant-flycatchers)","LC"
"4290","Empidonax atriceps","Black-capped Flycatcher","Tyrannidae (Tyrant-flycatchers)","LC"
"4264","Contopus cooperi","Olive-sided Flycatcher","Tyrannidae (Tyrant-flycatchers)","NT"
"4266","Contopus lugubris","Dark Pewee","Tyrannidae (Tyrant-flycatchers)","LC"
"4268","Contopus ochraceus","Ochraceous Pewee","Tyrannidae (Tyrant-flycatchers)","LC"
"4269","Contopus sordidulus","Western Wood-pewee","Tyrannidae (Tyrant-flycatchers)","LC"
"4270","Contopus virens","Eastern Wood-pewee","Tyrannidae (Tyrant-flycatchers)","LC"
"1017454","Contopus bogotensis","Northern Tropical Pewee","Tyrannidae (Tyrant-flycatchers)","LC"
"4371","Attila spadiceus","Bright-rumped Attila","Tyrannidae (Tyrant-flycatchers)","LC"
"4436","Legatus leucophaius","Piratic Flycatcher","Tyrannidae (Tyrant-flycatchers)","LC"
"4438","Pitangus sulphuratus","Great Kiskadee","Tyrannidae (Tyrant-flycatchers)","LC"
"4437","Philohydor lictor","Lesser Kiskadee","Tyrannidae (Tyrant-flycatchers)","LC"
"4363","Machetornis rixosa","Cattle Tyrant","Tyrannidae (Tyrant-flycatchers)","LC"
"4422","Megarynchus pitangua","Boat-billed Flycatcher","Tyrannidae (Tyrant-flycatchers)","LC"
"1018408","Myiodynastes hemichrysus","Golden-bellied Flycatcher","Tyrannidae (Tyrant-flycatchers)","LC"
"4431","Myiodynastes luteiventris","Sulphur-bellied Flycatcher","Tyrannidae (Tyrant-flycatchers)","LC"
"1017429","Myiodynastes maculatus","Northern Streaked Flycatcher","Tyrannidae (Tyrant-flycatchers)","LC"
"4432","Myiozetetes cayanensis","Rusty-margined Flycatcher","Tyrannidae (Tyrant-flycatchers)","LC"
"4433","Myiozetetes similis","Social Flycatcher","Tyrannidae (Tyrant-flycatchers)","LC"
"4434","Myiozetetes granadensis","Grey-capped Flycatcher","Tyrannidae (Tyrant-flycatchers)","LC"
"4423","Conopias albovittatus","White-ringed Flycatcher","Tyrannidae (Tyrant-flycatchers)","LC"
"4408","Tyrannus melancholicus","Tropical Kingbird","Tyrannidae (Tyrant-flycatchers)","LC"
"4415","Tyrannus tyrannus","Eastern Kingbird","Tyrannidae (Tyrant-flycatchers)","LC"
"4416","Tyrannus dominicensis","Grey Kingbird","Tyrannidae (Tyrant-flycatchers)","LC"
"4413","Tyrannus forficatus","Scissor-tailed Flycatcher","Tyrannidae (Tyrant-flycatchers)","LC"
"4414","Tyrannus savana","Fork-tailed Flycatcher","Tyrannidae (Tyrant-flycatchers)","LC"
"4374","Rhytipterna holerythra","Rufous Mourner","Tyrannidae (Tyrant-flycatchers)","LC"
"1017431","Sirystes albogriseus","Choco Sirystes","Tyrannidae (Tyrant-flycatchers)","LC"
"4382","Myiarchus tuberculifer","Dusky-capped Flycatcher","Tyrannidae (Tyrant-flycatchers)","LC"
"4386","Myiarchus panamensis","Panama Flycatcher","Tyrannidae (Tyrant-flycatchers)","LC"
"4393","Myiarchus crinitus","Great Crested Flycatcher","Tyrannidae (Tyrant-flycatchers)","LC"
"5554","Cyclarhis gujanensis","Rufous-browed Peppershrike","Vireonidae (Vireos)","LC"
"1017526","Hylophilus viridiflavus","Yellow-green Greenlet","Vireonidae (Vireos)","LC"
"5557","Vireolanius pulchellus","Green Shrike-vireo","Vireonidae (Vireos)","LC"
"5558","Vireolanius eximius","Yellow-browed Shrike-vireo","Vireonidae (Vireos)","LC"
"1143674","Tunchiornis ochraceiceps","Tawny-crowned Greenlet","Vireonidae (Vireos)","LC"
"5606","Pachysylvia decurtata","Lesser Greenlet","Vireonidae (Vireos)","LC"
"5602","Pachysylvia aurantiifrons","Golden-fronted Greenlet","Vireonidae (Vireos)","LC"
"5583","Vireo philadelphicus","Philadelphia Vireo","Vireonidae (Vireos)","LC"
"5591","Vireo leucophrys","Brown-capped Vireo","Vireonidae (Vireos)","LC"
"5585","Vireo flavoviridis","Yellow-green Vireo","Vireonidae (Vireos)","LC"
"1099029","Vireo olivaceus","Red-eyed Vireo","Vireonidae (Vireos)","LC"
"5582","Vireo flavifrons","Yellow-throated Vireo","Vireonidae (Vireos)","LC"
"5566","Vireo carmioli","Yellow-winged Vireo","Vireonidae (Vireos)","LC"
"5701","Cyanolyca argentigula","Silvery-throated Jay","Corvidae (Crows and jays)","LC"
"5696","Cyanolyca cucullata","Azure-hooded Jay","Corvidae (Crows and jays)","LC"
"5718","Cyanocorax morio","Brown Jay","Corvidae (Crows and jays)","LC"
"5712","Cyanocorax affinis","Black-chested Jay","Corvidae (Crows and jays)","LC"
"6912","Donacobius atricapilla","Donacobius","Donacobiidae (Donacobius)","LC"
"7143","Petrochelidon pyrrhonota","Cliff Swallow","Hirundinidae (Swallows and martins)","LC"
"7144","Petrochelidon fulva","Cave Swallow","Hirundinidae (Swallows and martins)","LC"
"7116","Hirundo rustica","Barn Swallow","Hirundinidae (Swallows and martins)","LC"
"1018013","Riparia riparia","Collared Sand Martin","Hirundinidae (Swallows and martins)","LC"
"7078","Tachycineta bicolor","Tree Swallow","Hirundinidae (Swallows and martins)","LC"
"32176","Tachycineta albilinea","Mangrove Swallow","Hirundinidae (Swallows and martins)","LC"
"7086","Progne tapera","Brown-chested Martin","Hirundinidae (Swallows and martins)","LC"
"7087","Progne subis","Purple Martin","Hirundinidae (Swallows and martins)","LC"
"7091","Progne chalybea","Grey-breasted Martin","Hirundinidae (Swallows and martins)","LC"
"31389","Progne elegans","Southern Martin","Hirundinidae (Swallows and martins)","LC"
"7101","Stelgidopteryx serripennis","Northern Rough-winged Swallow","Hirundinidae (Swallows and martins)","LC"
"7103","Stelgidopteryx ruficollis","Southern Rough-winged Swallow","Hirundinidae (Swallows and martins)","LC"
"7094","Pygochelidon cyanoleuca","Blue-and-white Swallow","Hirundinidae (Swallows and martins)","LC"
"7099","Atticora tibialis","White-thighed Swallow","Hirundinidae (Swallows and martins)","LC"
"6990","Microbates cinereiventris","Tawny-faced Gnatwren","Polioptilidae (Gnatcatchers)","LC"
"6991","Ramphocaenus melanurus","Long-billed Gnatwren","Polioptilidae (Gnatcatchers)","LC"
"1018280","Polioptila plumbea","Tropical Gnatcatcher","Polioptilidae (Gnatcatchers)","LC"
"7001","Polioptila schistaceigula","Slate-throated Gnatcatcher","Polioptilidae (Gnatcatchers)","LC"
"6982","Microcerculus marginatus","Southern Nightingale-wren","Troglodytidae (Wrens)","LC"
"1018285","Troglodytes aedon","House Wren","Troglodytidae (Wrens)","LC"
"6972","Troglodytes ochraceus","Ochraceous Wren","Troglodytidae (Wrens)","LC"
"6976","Thryorchilus browni","Timberline Wren","Troglodytidae (Wrens)","LC"
"1018288","Cistothorus platensis","Grass Wren","Troglodytidae (Wrens)","LC"
"6922","Campylorhynchus zonatus","Band-backed Wren","Troglodytidae (Wrens)","LC"
"6923","Campylorhynchus albobrunneus","White-headed Wren","Troglodytidae (Wrens)","LC"
"6943","Pheugopedius fasciatoventris","Black-bellied Wren","Troglodytidae (Wrens)","LC"
"6941","Pheugopedius atrogularis","Black-throated Wren","Troglodytidae (Wrens)","LC"
"6942","Pheugopedius spadix","Sooty-headed Wren","Troglodytidae (Wrens)","LC"
"6951","Pheugopedius rutilus","Rufous-breasted Wren","Troglodytidae (Wrens)","LC"
"6959","Thryophilus rufalbus","Rufous-and-white Wren","Troglodytidae (Wrens)","LC"
"6956","Cantorchilus leucopogon","Stripe-throated Wren","Troglodytidae (Wrens)","LC"
"6955","Cantorchilus thoracicus","Stripe-breasted Wren","Troglodytidae (Wrens)","LC"
"6963","Cantorchilus leucotis","Buff-breasted Wren","Troglodytidae (Wrens)","LC"
"6953","Cantorchilus semibadius","Riverside Wren","Troglodytidae (Wrens)","LC"
"6954","Cantorchilus nigricapillus","Bay Wren","Troglodytidae (Wrens)","LC"
"1018312","Cantorchilus modestus","Plain Wren","Troglodytidae (Wrens)","LC"
"1018314","Cantorchilus zeledoni","Canebrake Wren","Troglodytidae (Wrens)","LC"
"6978","Henicorhina leucosticta","White-breasted Wood-wren","Troglodytidae (Wrens)","LC"
"1018316","Henicorhina leucophrys","Grey-breasted Wood-wren","Troglodytidae (Wrens)","LC"
"6985","Cyphorhinus phaeocephalus","Song Wren","Troglodytidae (Wrens)","LC"
"6275","Cinclus mexicanus","American Dipper","Cinclidae (Dippers)","LC"
"6846","Dumetella carolinensis","Grey Catbird","Mimidae (Mockingbirds and thrashers)","LC"
"6356","Myadestes melanops","Black-faced Solitaire","Turdidae (Thrushes)","LC"
"6357","Myadestes coloratus","Varied Solitaire","Turdidae (Thrushes)","NT"
"6374","Hylocichla mustelina","Wood Thrush","Turdidae (Thrushes)","LC"
"1018277","Catharus swainsoni","Swainson's Thrush","Turdidae (Thrushes)","LC"
"1018273","Catharus ustulatus","Russet-backed Thrush","Turdidae (Thrushes)","LC"
"6370","Catharus fuscescens","Veery","Turdidae (Thrushes)","LC"
"6371","Catharus minimus","Grey-cheeked Thrush","Turdidae (Thrushes)","LC"
"6367","Catharus frantzii","Ruddy-capped Nightingale-thrush","Turdidae (Thrushes)","LC"
"6363","Catharus gracilirostris","Black-billed Nightingale-thrush","Turdidae (Thrushes)","LC"
"6364","Catharus aurantiirostris","Orange-billed Nightingale-thrush","Turdidae (Thrushes)","LC"
"6368","Catharus mexicanus","Black-headed Nightingale-thrush","Turdidae (Thrushes)","LC"
"6365","Catharus fuscater","Slaty-backed Nightingale-thrush","Turdidae (Thrushes)","LC"
"6428","Turdus plebejus","Mountain Thrush","Turdidae (Thrushes)","LC"
"6431","Turdus obsoletus","Pale-vented Thrush","Turdidae (Thrushes)","LC"
"6439","Turdus assimilis","White-throated Thrush","Turdidae (Thrushes)","LC"
"6434","Turdus grayi","Clay-colored Thrush","Turdidae (Thrushes)","LC"
"6414","Turdus nigrescens","Sooty Thrush","Turdidae (Thrushes)","LC"
"6272","Bombycilla cedrorum","Cedar Waxwing","Bombycillidae (Waxwings)","LC"
"6269","Phainoptila melanoxantha","Black-and-yellow Silky-flycatcher","Ptiliogonatidae (Silky-flycatchers)","LC"
"6267","Ptiliogonys caudatus","Long-tailed Silky-flycatcher","Ptiliogonatidae (Silky-flycatchers)","LC"
"1018048","Anthus lutescens","Yellowish Pipit","Motacillidae (Pipits and Wagtails)","LC"
"9374","Chlorophonia flavirostris","Yellow-collared Chlorophonia","Fringillidae (Finches)","LC"
"9378","Chlorophonia callophrys","Golden-browed Chlorophonia","Fringillidae (Finches)","LC"
"9350","Euphonia luteicapilla","Yellow-crowned Euphonia","Fringillidae (Finches)","LC"
"9357","Euphonia laniirostris","Thick-billed Euphonia","Fringillidae (Finches)","LC"
"9358","Euphonia hirundinacea","Yellow-throated Euphonia","Fringillidae (Finches)","LC"
"9360","Euphonia elegantissima","Elegant Euphonia","Fringillidae (Finches)","LC"
"9364","Euphonia fulvicrissa","Fulvous-vented Euphonia","Fringillidae (Finches)","LC"
"9363","Euphonia imitans","Spot-crowned Euphonia","Fringillidae (Finches)","LC"
"9365","Euphonia gouldi","Olive-backed Euphonia","Fringillidae (Finches)","LC"
"9368","Euphonia minuta","White-vented Euphonia","Fringillidae (Finches)","LC"
"9369","Euphonia anneae","Tawny-capped Euphonia","Fringillidae (Finches)","LC"
"9370","Euphonia xanthogaster","Orange-bellied Euphonia","Fringillidae (Finches)","LC"
"8829","Spinus psaltria","Lesser Goldfinch","Fringillidae (Finches)","LC"
"8825","Spinus xanthogastrus","Yellow-bellied Siskin","Fringillidae (Finches)","LC"
"9264","Rhodinocichla rosea","Rosy Thrush-tanager","Rhodinocichlidae (Thrush-tanager)","LC"
"9046","Arremonops conirostris","Black-striped Sparrow","Passerellidae (New World sparrows)","LC"
"8996","Ammodramus savannarum","Grasshopper Sparrow","Passerellidae (New World sparrows)","LC"
"9224","Chlorospingus flavopectus","Common Bush-tanager","Passerellidae (New World sparrows)","LC"
"9225","Chlorospingus tacarcunae","Tacarcuna Bush-tanager","Passerellidae (New World sparrows)","LC"
"9226","Chlorospingus inornatus","Pirre Bush-tanager","Passerellidae (New World sparrows)","LC"
"9228","Chlorospingus pileatus","Sooty-capped Bush-tanager","Passerellidae (New World sparrows)","LC"
"1017765","Chlorospingus hypophaeus","Orange-throated Bush-tanager","Passerellidae (New World sparrows)","LC"
"9232","Chlorospingus canigularis","Ashy-throated Bush-tanager","Passerellidae (New World sparrows)","LC"
"9076","Arremon crassirostris","Sooty-faced Finch","Passerellidae (New World sparrows)","LC"
"9069","Arremon brunneinucha","Chestnut-capped Brush-finch","Passerellidae (New World sparrows)","LC"
"112667","Arremon costaricensis","Costa Rican Brush-finch","Passerellidae (New World sparrows)","LC"
"112673","Arremon atricapillus","Black-headed Brush-finch","Passerellidae (New World sparrows)","LC"
"9038","Arremon aurantiirostris","Orange-billed Sparrow","Passerellidae (New World sparrows)","LC"
"9074","Pselliophorus tibialis","Yellow-thighed Finch","Passerellidae (New World sparrows)","LC"
"9075","Pselliophorus luteoviridis","Yellow-green Finch","Passerellidae (New World sparrows)","VU"
"32214","Atlapetes albinucha","White-naped Brush-finch","Passerellidae (New World sparrows)","LC"
"9073","Pezopetes capitalis","Large-footed Finch","Passerellidae (New World sparrows)","LC"
"8985","Junco vulcani","Volcano Junco","Passerellidae (New World sparrows)","LC"
"8980","Zonotrichia capensis","Rufous-collared Sparrow","Passerellidae (New World sparrows)","LC"
"9193","Zeledonia coronata","Wrenthrush","Zeledoniidae (Wrenthrush)","LC"
"9194","Icteria virens","Yellow-breasted Chat","Icteridae (New World blackbirds)","LC"
"9753","Dolichonyx oryzivorus","Bobolink","Icteridae (New World blackbirds)","LC"
"32505","Sturnella magna","Eastern Meadowlark","Icteridae (New World blackbirds)","NT"
"30206","Leistes militaris","Red-breasted Blackbird","Icteridae (New World blackbirds)","LC"
"9677","Amblycercus holosericeus","Yellow-billed Cacique","Icteridae (New World blackbirds)","LC"
"9662","Psarocolius wagleri","Chestnut-headed Oropendola","Icteridae (New World blackbirds)","LC"
"9658","Psarocolius decumanus","Crested Oropendola","Icteridae (New World blackbirds)","LC"
"9664","Psarocolius montezuma","Montezuma Oropendola","Icteridae (New World blackbirds)","LC"
"9667","Psarocolius guatimozinus","Black Oropendola","Icteridae (New World blackbirds)","LC"
"1017884","Cacicus microrhynchus","Scarlet-rumped Cacique","Icteridae (New World blackbirds)","LC"
"1017886","Cacicus pacificus","Pacific Cacique","Icteridae (New World blackbirds)","LC"
"1017888","Cacicus flavicrissus","Black-tailed Cacique","Icteridae (New World blackbirds)","LC"
"9681","Icterus chrysater","Yellow-backed Oriole","Icteridae (New World blackbirds)","LC"
"9693","Icterus galbula","Baltimore Oriole","Icteridae (New World blackbirds)","LC"
"9685","Icterus mesomelas","Yellow-tailed Oriole","Icteridae (New World blackbirds)","LC"
"31354","Icterus prosthemelas","Black-cowled Oriole","Icteridae (New World blackbirds)","LC"
"1017891","Icterus spurius","Orchard Oriole","Icteridae (New World blackbirds)","LC"
"9686","Icterus auricapillus","Orange-crowned Oriole","Icteridae (New World blackbirds)","LC"
"9752","Molothrus oryzivorus","Giant Cowbird","Icteridae (New World blackbirds)","LC"
"9749","Molothrus bonariensis","Shiny Cowbird","Icteridae (New World blackbirds)","LC"
"31535","Molothrus aeneus","Bronzed Cowbird","Icteridae (New World blackbirds)","LC"
"9738","Quiscalus mexicanus","Great-tailed Grackle","Icteridae (New World blackbirds)","LC"
"9712","Chrysomus icterocephalus","Yellow-hooded Blackbird","Icteridae (New World blackbirds)","LC"
"9130","Seiurus aurocapilla","Ovenbird","Parulidae (New World warblers)","LC"
"9128","Helmitheros vermivorum","Worm-eating Warbler","Parulidae (New World warblers)","LC"
"9132","Parkesia motacilla","Louisiana Waterthrush","Parulidae (New World warblers)","LC"
"9131","Parkesia noveboracensis","Northern Waterthrush","Parulidae (New World warblers)","LC"
"9086","Vermivora chrysoptera","Golden-winged Warbler","Parulidae (New World warblers)","NT"
"9085","Vermivora cyanoptera","Blue-winged Warbler","Parulidae (New World warblers)","LC"
"9125","Mniotilta varia","Black-and-white Warbler","Parulidae (New World warblers)","LC"
"9127","Protonotaria citrea","Prothonotary Warbler","Parulidae (New World warblers)","LC"
"9096","Oreothlypis gutturalis","Flame-throated Warbler","Parulidae (New World warblers)","LC"
"9087","Leiothlypis peregrina","Tennessee Warbler","Parulidae (New World warblers)","LC"
"9145","Geothlypis poliocephala","Grey-crowned Yellowthroat","Parulidae (New World warblers)","LC"
"1017902","Geothlypis chiriquensis","Chiriqui Yellowthroat","Parulidae (New World warblers)","LC"
"9136","Geothlypis tolmiei","MacGillivray's Warbler","Parulidae (New World warblers)","LC"
"9135","Geothlypis philadelphia","Mourning Warbler","Parulidae (New World warblers)","LC"
"9133","Geothlypis formosa","Kentucky Warbler","Parulidae (New World warblers)","LC"
"1017905","Geothlypis bairdi","Baird's Yellowthroat","Parulidae (New World warblers)","LC"
"9137","Geothlypis trichas","Common Yellowthroat","Parulidae (New World warblers)","LC"
"9150","Setophaga citrina","Hooded Warbler","Parulidae (New World warblers)","LC"
"9126","Setophaga ruticilla","American Redstart","Parulidae (New World warblers)","LC"
"9100","Setophaga tigrina","Cape May Warbler","Parulidae (New World warblers)","LC"
"9120","Setophaga cerulea","Cerulean Warbler","Parulidae (New World warblers)","NT"
"1017918","Setophaga pitiayumi","Tropical Parula","Parulidae (New World warblers)","LC"
"9099","Setophaga magnolia","Magnolia Warbler","Parulidae (New World warblers)","LC"
"9118","Setophaga castanea","Bay-breasted Warbler","Parulidae (New World warblers)","LC"
"9108","Setophaga fusca","Blackburnian Warbler","Parulidae (New World warblers)","LC"
"9097","Setophaga petechia","American Yellow Warbler","Parulidae (New World warblers)","LC"
"9098","Setophaga pensylvanica","Chestnut-sided Warbler","Parulidae (New World warblers)","LC"
"9119","Setophaga striata","Blackpoll Warbler","Parulidae (New World warblers)","NT"
"9101","Setophaga caerulescens","Black-throated Blue Warbler","Parulidae (New World warblers)","LC"
"9117","Setophaga palmarum","Palm Warbler","Parulidae (New World warblers)","LC"
"1017912","Setophaga coronata","Myrtle Warbler","Parulidae (New World warblers)","LC"
"112653","Setophaga dominica","Yellow-throated Warbler","Parulidae (New World warblers)","LC"
"9104","Setophaga townsendi","Townsend's Warbler","Parulidae (New World warblers)","LC"
"9106","Setophaga virens","Black-throated Green Warbler","Parulidae (New World warblers)","LC"
"9191","Myiothlypis fulvicauda","Buff-rumped Warbler","Parulidae (New World warblers)","LC"
"9183","Basileuterus rufifrons","Rufous-capped Warbler","Parulidae (New World warblers)","LC"
"9185","Basileuterus melanogenys","Black-cheeked Warbler","Parulidae (New World warblers)","LC"
"9186","Basileuterus ignotus","Pirre Warbler","Parulidae (New World warblers)","VU"
"1017933","Basileuterus culicivorus","Stripe-crowned Warbler","Parulidae (New World warblers)","LC"
"9187","Basileuterus tristriatus","Three-striped Warbler","Parulidae (New World warblers)","LC"
"9152","Cardellina canadensis","Canada Warbler","Parulidae (New World warblers)","LC"
"9151","Cardellina pusilla","Wilson's Warbler","Parulidae (New World warblers)","LC"
"9157","Myioborus miniatus","Slate-throated Whitestart","Parulidae (New World warblers)","LC"
"9163","Myioborus torquatus","Collared Whitestart","Parulidae (New World warblers)","LC"
"9265","Mitrospingus cassinii","Dusky-faced Tanager","Mitrospingidae (Mitrospingid tanagers)","LC"
"9618","Pheucticus tibialis","Black-thighed Grosbeak","Cardinalidae (Cardinals)","LC"
"9620","Pheucticus ludovicianus","Rose-breasted Grosbeak","Cardinalidae (Cardinals)","LC"
"9615","Spiza americana","Dickcissel","Cardinalidae (Cardinals)","LC"
"9651","Passerina cyanea","Indigo Bunting","Cardinalidae (Cardinals)","LC"
"9649","Passerina caerulea","Blue Grosbeak","Cardinalidae (Cardinals)","LC"
"9653","Passerina ciris","Painted Bunting","Cardinalidae (Cardinals)","LC"
"1018395","Amaurospiza moesta","Blue Seedeater","Cardinalidae (Cardinals)","LC"
"1017960","Cyanoloxia cyanoides","Blue-black Grosbeak","Cardinalidae (Cardinals)","LC"
"9290","Habia fuscicauda","Red-throated Ant-tanager","Cardinalidae (Cardinals)","LC"
"9289","Habia rubica","Red-crowned Ant-tanager","Cardinalidae (Cardinals)","LC"
"1017965","Habia carmioli","Carmiol's Tanager","Cardinalidae (Cardinals)","LC"
"9268","Habia olivacea","Lemon-spectacled Tanager","Cardinalidae (Cardinals)","LC"
"9300","Piranga leucoptera","White-winged Tanager","Cardinalidae (Cardinals)","LC"
"9298","Piranga olivacea","Scarlet Tanager","Cardinalidae (Cardinals)","LC"
"9296","Piranga rubra","Summer Tanager","Cardinalidae (Cardinals)","LC"
"9294","Piranga bidentata","Flame-colored Tanager","Cardinalidae (Cardinals)","LC"
"9299","Piranga ludoviciana","Western Tanager","Cardinalidae (Cardinals)","LC"
"1017970","Piranga hepatica","Hepatic Tanager","Cardinalidae (Cardinals)","LC"
"9625","Caryothraustes poliogaster","Black-faced Grosbeak","Cardinalidae (Cardinals)","LC"
"9626","Caryothraustes canadensis","Yellow-green Grosbeak","Cardinalidae (Cardinals)","LC"
"9323","Bangsia arcaei","Blue-and-gold Tanager","Thraupidae (Tanagers)","NT"
"9402","Tangara guttata","Speckled Tanager","Thraupidae (Tanagers)","LC"
"9385","Tangara palmeri","Grey-and-gold Tanager","Thraupidae (Tanagers)","LC"
"9313","Tangara episcopus","Blue-grey Tanager","Thraupidae (Tanagers)","LC"
"9319","Tangara palmarum","Palm Tanager","Thraupidae (Tanagers)","LC"
"9418","Tangara larvata","Golden-hooded Tanager","Thraupidae (Tanagers)","LC"
"9420","Tangara dowii","Spangle-cheeked Tanager","Thraupidae (Tanagers)","LC"
"9421","Tangara fucosa","Green-naped Tanager","Thraupidae (Tanagers)","LC"
"9405","Tangara gyrola","Bay-headed Tanager","Thraupidae (Tanagers)","LC"
"9406","Tangara lavinia","Rufous-winged Tanager","Thraupidae (Tanagers)","LC"
"9394","Tangara florida","Emerald Tanager","Thraupidae (Tanagers)","LC"
"9396","Tangara icterocephala","Silver-throated Tanager","Thraupidae (Tanagers)","LC"
"9382","Tangara inornata","Plain-colored Tanager","Thraupidae (Tanagers)","LC"
"9520","Emberizoides herbicola","Wedge-tailed Grass-finch","Thraupidae (Tanagers)","LC"
"9441","Chlorophanes spiza","Green Honeycreeper","Thraupidae (Tanagers)","LC"
"9256","Chrysothlypis chrysomelas","Black-and-yellow Tanager","Thraupidae (Tanagers)","LC"
"9278","Heterospingus rubrifrons","Sulphur-rumped Tanager","Thraupidae (Tanagers)","LC"
"9279","Heterospingus xanthopygius","Scarlet-browed Tanager","Thraupidae (Tanagers)","LC"
"9255","Hemithraupis flavicollis","Yellow-backed Tanager","Thraupidae (Tanagers)","LC"
"9447","Tersina viridis","Swallow Tanager","Thraupidae (Tanagers)","LC"
"9444","Cyanerpes caeruleus","Purple Honeycreeper","Thraupidae (Tanagers)","LC"
"9445","Cyanerpes cyaneus","Red-legged Honeycreeper","Thraupidae (Tanagers)","LC"
"9443","Cyanerpes lucidus","Shining Honeycreeper","Thraupidae (Tanagers)","LC"
"9437","Dacnis venusta","Scarlet-thighed Dacnis","Thraupidae (Tanagers)","LC"
"9438","Dacnis cayana","Blue Dacnis","Thraupidae (Tanagers)","LC"
"9439","Dacnis viguieri","Viridian Dacnis","Thraupidae (Tanagers)","LC"
"1017987","Saltator grandis","Northern Grey Saltator","Thraupidae (Tanagers)","LC"
"31353","Saltator striatipectus","Streaked Saltator","Thraupidae (Tanagers)","LC"
"9633","Saltator maximus","Buff-throated Saltator","Thraupidae (Tanagers)","LC"
"9632","Saltator atriceps","Black-headed Saltator","Thraupidae (Tanagers)","LC"
"9630","Saltator grossus","Slate-colored Grosbeak","Thraupidae (Tanagers)","LC"
"9199","Coereba flaveola","Bananaquit","Thraupidae (Tanagers)","LC"
"9574","Tiaris olivaceus","Yellow-faced Grassquit","Thraupidae (Tanagers)","LC"
"9525","Volatinia jacarina","Blue-black Grassquit","Thraupidae (Tanagers)","LC"
"9271","Eucometis penicillata","Grey-headed Tanager","Thraupidae (Tanagers)","LC"
"9283","Islerothraupis luctuosa","White-shouldered Tanager","Thraupidae (Tanagers)","LC"
"9284","Chrysocorypha delatrii","Tawny-crested Tanager","Thraupidae (Tanagers)","LC"
"9275","Lanio leucothorax","White-throated Shrike-tanager","Thraupidae (Tanagers)","NT"
"9286","Tachyphonus rufus","White-lined Tanager","Thraupidae (Tanagers)","LC"
"9304","Ramphocelus sanguinolentus","Crimson-collared Tanager","Thraupidae (Tanagers)","LC"
"9306","Ramphocelus dimidiatus","Crimson-backed Tanager","Thraupidae (Tanagers)","LC"
"9310","Ramphocelus passerinii","Scarlet-rumped Tanager","Thraupidae (Tanagers)","LC"
"30157","Ramphocelus costaricensis","Cherrie's Tanager","Thraupidae (Tanagers)","LC"
"1018015","Ramphocelus icteronotus","Lemon-rumped Tanager","Thraupidae (Tanagers)","LC"
"31401","Sporophila morelleti","White-collared Seedeater","Thraupidae (Tanagers)","LC"
"1018018","Sporophila corvina","Black Seedeater","Thraupidae (Tanagers)","LC"
"1018020","Sporophila ophthalmica","Black-breasted Seedeater","Thraupidae (Tanagers)","LC"
"1018394","Sporophila nigricollis","Yellow-bellied Seedeater","Thraupidae (Tanagers)","LC"
"30161","Sporophila funerea","Thick-billed Seed-finch","Thraupidae (Tanagers)","LC"
"9562","Sporophila angolensis","Chestnut-bellied Seed-Finch","Thraupidae (Tanagers)","LC"
"9558","Sporophila nuttingi","Nicaraguan Seed-finch","Thraupidae (Tanagers)","LC"
"9528","Sporophila schistacea","Slate-colored Seedeater","Thraupidae (Tanagers)","LC"
"9547","Sporophila minuta","Ruddy-breasted Seedeater","Thraupidae (Tanagers)","LC"
"9201","Conirostrum leucogenys","White-eared Conebill","Thraupidae (Tanagers)","LC"
"9515","Sicalis flaveola","Saffron Finch","Thraupidae (Tanagers)","LC"
"32504","Sicalis luteola","Grassland Yellow-finch","Thraupidae (Tanagers)","LC"
"9471","Spodiornis rusticus","Slaty Finch","Thraupidae (Tanagers)","LC"
"9473","Acanthidops bairdi","Peg-billed Finch","Thraupidae (Tanagers)","LC"
"9582","Diglossa plumbea","Slaty Flowerpiercer","Thraupidae (Tanagers)","LC"
